CREATE TABLE BOARD.ATTACHMENT
(
    NO VARCHAR2(50) PRIMARY KEY NOT NULL,
    POSTNO VARCHAR2(50),
    ATT BLOB,
    CONSTRAINT FK_POST_TO_ATTACHMENT FOREIGN KEY (POSTNO) REFERENCES BOARD.POST (NO) ON DELETE CASCADE
);
COMMENT ON COLUMN BOARD.ATTACHMENT.NO IS '첨부파일번호';
COMMENT ON COLUMN BOARD.ATTACHMENT.POSTNO IS '게시글번호';
COMMENT ON COLUMN BOARD.ATTACHMENT.ATT IS '첨부파일';
INSERT INTO BOARD.ATTACHMENT (NO, POSTNO, ATT) VALUES ('8', '60', null);
INSERT INTO BOARD.ATTACHMENT (NO, POSTNO, ATT) VALUES ('11', '60', null);
INSERT INTO BOARD.ATTACHMENT (NO, POSTNO, ATT) VALUES ('10', '62', null);
INSERT INTO BOARD.ATTACHMENT (NO, POSTNO, ATT) VALUES ('12', '61', null);
INSERT INTO BOARD.ATTACHMENT (NO, POSTNO, ATT) VALUES ('13', '60', null);
CREATE TABLE BOARD.BOARD
(
    NO VARCHAR2(50) PRIMARY KEY NOT NULL,
    NAME VARCHAR2(30) NOT NULL,
    USE VARCHAR2(1) NOT NULL,
    CREATOR VARCHAR2(14),
    RDATE DATE NOT NULL,
    CONSTRAINT FK_MEMBER_TO_BOARD FOREIGN KEY (CREATOR) REFERENCES BOARD.MEMBER (ID)
);
COMMENT ON COLUMN BOARD.BOARD.NO IS '게시판번호';
COMMENT ON COLUMN BOARD.BOARD.NAME IS '게시판이름';
COMMENT ON COLUMN BOARD.BOARD.USE IS '게시판사용여부';
COMMENT ON COLUMN BOARD.BOARD.CREATOR IS '게시판등록자';
COMMENT ON COLUMN BOARD.BOARD.RDATE IS '게시판등록일';
INSERT INTO BOARD.BOARD (NO, NAME, USE, CREATOR, RDATE) VALUES ('BD1', 'Q&A 게시판', 'Y', 'brown', TO_DATE('2018-10-18 00:00:00', 'YYYY-MM-DD HH24:MI:SS'));
INSERT INTO BOARD.BOARD (NO, NAME, USE, CREATOR, RDATE) VALUES ('BD43', '자유게시판', 'Y', '1', TO_DATE('2018-10-22 00:00:00', 'YYYY-MM-DD HH24:MI:SS'));
CREATE TABLE BOARD.COMMENTS
(
    NO VARCHAR2(50) PRIMARY KEY NOT NULL,
    POSTNO VARCHAR2(50),
    CONTENT VARCHAR2(500) NOT NULL,
    WRITER VARCHAR2(14),
    RDATE DATE,
    CONSTRAINT FK_POST_TO_COMMENTS FOREIGN KEY (POSTNO) REFERENCES BOARD.POST (NO) ON DELETE CASCADE,
    CONSTRAINT FK_MEMBER_TO_COMMENTS FOREIGN KEY (WRITER) REFERENCES BOARD.MEMBER (ID)
);
COMMENT ON COLUMN BOARD.COMMENTS.NO IS '댓글번호';
COMMENT ON COLUMN BOARD.COMMENTS.POSTNO IS '게시글번호';
COMMENT ON COLUMN BOARD.COMMENTS.CONTENT IS '댓글내용';
COMMENT ON COLUMN BOARD.COMMENTS.WRITER IS '댓글작성자';
COMMENT ON COLUMN BOARD.COMMENTS.RDATE IS '댓글작성일시';
INSERT INTO BOARD.COMMENTS (NO, POSTNO, CONTENT, WRITER, RDATE) VALUES ('1', '62', '댓글좀 달아주세요', '1', TO_DATE('2018-10-23 00:00:00', 'YYYY-MM-DD HH24:MI:SS'));
INSERT INTO BOARD.COMMENTS (NO, POSTNO, CONTENT, WRITER, RDATE) VALUES ('2', '62', '댓글jkhkjhkjh', '1', TO_DATE('2018-10-23 00:00:00', 'YYYY-MM-DD HH24:MI:SS'));
INSERT INTO BOARD.COMMENTS (NO, POSTNO, CONTENT, WRITER, RDATE) VALUES ('4', '62', '무플방지 위원', '1', TO_DATE('2018-10-23 00:00:00', 'YYYY-MM-DD HH24:MI:SS'));
INSERT INTO BOARD.COMMENTS (NO, POSTNO, CONTENT, WRITER, RDATE) VALUES ('5', '62', '무플방지 위원회', 'brown', TO_DATE('2018-10-23 00:00:00', 'YYYY-MM-DD HH24:MI:SS'));
INSERT INTO BOARD.COMMENTS (NO, POSTNO, CONTENT, WRITER, RDATE) VALUES ('6', '62', '무플방지 위원회', 'brown', TO_DATE('2018-10-23 00:00:00', 'YYYY-MM-DD HH24:MI:SS'));
CREATE TABLE BOARD.MEMBER
(
    ID VARCHAR2(14) PRIMARY KEY NOT NULL,
    NAME VARCHAR2(50) NOT NULL,
    PASS VARCHAR2(255) NOT NULL,
    TEL VARCHAR2(30) NOT NULL,
    BIRTH DATE NOT NULL,
    EMAIL VARCHAR2(40) NOT NULL,
    ZIPCODE VARCHAR2(5) NOT NULL,
    ADDR1 VARCHAR2(255) NOT NULL,
    ADDR2 VARCHAR2(255),
    PROFILE VARCHAR2(255)
);
COMMENT ON COLUMN BOARD.MEMBER.ID IS '아이디';
COMMENT ON COLUMN BOARD.MEMBER.NAME IS '이름';
COMMENT ON COLUMN BOARD.MEMBER.PASS IS '비밀번호';
COMMENT ON COLUMN BOARD.MEMBER.TEL IS '핸드폰번호';
COMMENT ON COLUMN BOARD.MEMBER.BIRTH IS '생년월일';
COMMENT ON COLUMN BOARD.MEMBER.EMAIL IS '이메일';
COMMENT ON COLUMN BOARD.MEMBER.ZIPCODE IS '우편번호';
COMMENT ON COLUMN BOARD.MEMBER.ADDR1 IS '도로명주소';
COMMENT ON COLUMN BOARD.MEMBER.ADDR2 IS '상세주소';
COMMENT ON COLUMN BOARD.MEMBER.PROFILE IS '프로필사진';
INSERT INTO BOARD.MEMBER (ID, NAME, PASS, TEL, BIRTH, EMAIL, ZIPCODE, ADDR1, ADDR2, PROFILE) VALUES ('brown', '브라운', 'f001471c38113db2630f09a532d8b6c054af31bf6503aeea92d1c284cdd022b9', '123123123', TO_DATE('2018-08-08 00:00:00', 'YYYY-MM-DD HH24:MI:SS'), 'brown@gmail.com', '34940', '대전 중구 중앙로 76', '2층 대덕인재개발원', '/user/profile/moon.png');
INSERT INTO BOARD.MEMBER (ID, NAME, PASS, TEL, BIRTH, EMAIL, ZIPCODE, ADDR1, ADDR2, PROFILE) VALUES ('sally', '셀리', '97897a111d485af1048bece173d2980a15870ca079281b79c7ca755356847602', '123123123', TO_DATE('2018-04-27 00:00:00', 'YYYY-MM-DD HH24:MI:SS'), 'brown@gmail.com', '34940', '대전광역시 중구 중앙로 76(대흥동)', '영민빌딩 2층 대덕인재개발월', '/user/profile/sally.png');
INSERT INTO BOARD.MEMBER (ID, NAME, PASS, TEL, BIRTH, EMAIL, ZIPCODE, ADDR1, ADDR2, PROFILE) VALUES ('james', '제임스', '249bbac706e15fc9f93dba1ba00b5b7cc5a4b6f2a7d57a4a50b944dbd45ecd41', '123123123', TO_DATE('2018-02-14 00:00:00', 'YYYY-MM-DD HH24:MI:SS'), 'brown@gmail.com', '34940', '대전광역시 중구 중앙로 76(대흥동)', '영민빌딩 2층 대덕인재개발월', '/user/profile/james.png');
INSERT INTO BOARD.MEMBER (ID, NAME, PASS, TEL, BIRTH, EMAIL, ZIPCODE, ADDR1, ADDR2, PROFILE) VALUES ('moon', '문', '003d1c81a2397bb51dface79a897decd50e7f4d8ea7fd547c8506d80e282905e', '123123123', TO_DATE('2018-10-06 00:00:00', 'YYYY-MM-DD HH24:MI:SS'), 'brown@gmail.com', '34940', '대전광역시 중구 중앙로 76(대흥동)', '영민빌딩 2층 대덕인재개발월', '/user/profile/moon.png');
INSERT INTO BOARD.MEMBER (ID, NAME, PASS, TEL, BIRTH, EMAIL, ZIPCODE, ADDR1, ADDR2, PROFILE) VALUES ('cony', '코니', '9299a16ffb4d721536dddc82d646c9ed3f78971f5a3fcd3439ef223a35903cda', '123123123', TO_DATE('2018-08-08 00:00:00', 'YYYY-MM-DD HH24:MI:SS'), 'brown@gmail.com', '34940', '대전광역시 중구 중앙로 76(대흥동)', '영민빌딩 2층 대덕인재개발월', '/user/profile/cony.png');
INSERT INTO BOARD.MEMBER (ID, NAME, PASS, TEL, BIRTH, EMAIL, ZIPCODE, ADDR1, ADDR2, PROFILE) VALUES ('xxxx1', 'xxxx', '94d791f042c409c0cb2db18bb04c976e405700782417ab966b64f3e942dba48f', '123123123', TO_DATE('2018-10-10 16:13:40', 'YYYY-MM-DD HH24:MI:SS'), 'xxxx@gmail.com', '34940', '대전시 중구 대흥동 76', '2층 대덕인재개발원', null);
INSERT INTO BOARD.MEMBER (ID, NAME, PASS, TEL, BIRTH, EMAIL, ZIPCODE, ADDR1, ADDR2, PROFILE) VALUES ('xxxx2', 'xxxx', '94d791f042c409c0cb2db18bb04c976e405700782417ab966b64f3e942dba48f', '123123123', TO_DATE('2018-10-10 16:13:40', 'YYYY-MM-DD HH24:MI:SS'), 'xxxx@gmail.com', '34940', '대전시 중구 대흥동 76', '2층 대덕인재개발원', null);
INSERT INTO BOARD.MEMBER (ID, NAME, PASS, TEL, BIRTH, EMAIL, ZIPCODE, ADDR1, ADDR2, PROFILE) VALUES ('xxxx3', 'xxxx', '94d791f042c409c0cb2db18bb04c976e405700782417ab966b64f3e942dba48f', '123123123', TO_DATE('2018-10-10 16:13:40', 'YYYY-MM-DD HH24:MI:SS'), 'xxxx@gmail.com', '34940', '대전시 중구 대흥동 76', '2층 대덕인재개발원', null);
INSERT INTO BOARD.MEMBER (ID, NAME, PASS, TEL, BIRTH, EMAIL, ZIPCODE, ADDR1, ADDR2, PROFILE) VALUES ('xxxx4', 'xxxx', '94d791f042c409c0cb2db18bb04c976e405700782417ab966b64f3e942dba48f', '123123123', TO_DATE('2018-10-10 16:13:40', 'YYYY-MM-DD HH24:MI:SS'), 'xxxx@gmail.com', '34940', '대전시 중구 대흥동 76', '2층 대덕인재개발원', null);
INSERT INTO BOARD.MEMBER (ID, NAME, PASS, TEL, BIRTH, EMAIL, ZIPCODE, ADDR1, ADDR2, PROFILE) VALUES ('xxxx5', 'xxxx', '94d791f042c409c0cb2db18bb04c976e405700782417ab966b64f3e942dba48f', '123123123', TO_DATE('2018-10-10 16:13:40', 'YYYY-MM-DD HH24:MI:SS'), 'xxxx@gmail.com', '34940', '대전시 중구 대흥동 76', '2층 대덕인재개발원', null);
INSERT INTO BOARD.MEMBER (ID, NAME, PASS, TEL, BIRTH, EMAIL, ZIPCODE, ADDR1, ADDR2, PROFILE) VALUES ('xxxx6', 'xxxx', '94d791f042c409c0cb2db18bb04c976e405700782417ab966b64f3e942dba48f', '123123123', TO_DATE('2018-10-10 16:13:40', 'YYYY-MM-DD HH24:MI:SS'), 'xxxx@gmail.com', '34940', '대전시 중구 대흥동 76', '2층 대덕인재개발원', null);
INSERT INTO BOARD.MEMBER (ID, NAME, PASS, TEL, BIRTH, EMAIL, ZIPCODE, ADDR1, ADDR2, PROFILE) VALUES ('xxxx7', 'xxxx', '94d791f042c409c0cb2db18bb04c976e405700782417ab966b64f3e942dba48f', '123123123', TO_DATE('2018-10-10 16:13:40', 'YYYY-MM-DD HH24:MI:SS'), 'xxxx@gmail.com', '34940', '대전시 중구 대흥동 76', '2층 대덕인재개발원', null);
INSERT INTO BOARD.MEMBER (ID, NAME, PASS, TEL, BIRTH, EMAIL, ZIPCODE, ADDR1, ADDR2, PROFILE) VALUES ('xxxx8', 'xxxx', '94d791f042c409c0cb2db18bb04c976e405700782417ab966b64f3e942dba48f', '123123123', TO_DATE('2018-10-10 16:13:40', 'YYYY-MM-DD HH24:MI:SS'), 'xxxx@gmail.com', '34940', '대전시 중구 대흥동 76', '2층 대덕인재개발원', null);
INSERT INTO BOARD.MEMBER (ID, NAME, PASS, TEL, BIRTH, EMAIL, ZIPCODE, ADDR1, ADDR2, PROFILE) VALUES ('xxxx9', 'xxxx', '94d791f042c409c0cb2db18bb04c976e405700782417ab966b64f3e942dba48f', '123123123', TO_DATE('2018-10-10 16:13:40', 'YYYY-MM-DD HH24:MI:SS'), 'xxxx@gmail.com', '34940', '대전시 중구 대흥동 76', '2층 대덕인재개발원', null);
INSERT INTO BOARD.MEMBER (ID, NAME, PASS, TEL, BIRTH, EMAIL, ZIPCODE, ADDR1, ADDR2, PROFILE) VALUES ('xxxx10', 'xxxx', '94d791f042c409c0cb2db18bb04c976e405700782417ab966b64f3e942dba48f', '123123123', TO_DATE('2018-10-10 16:13:40', 'YYYY-MM-DD HH24:MI:SS'), 'xxxx@gmail.com', '34940', '대전시 중구 대흥동 76', '2층 대덕인재개발원', null);
INSERT INTO BOARD.MEMBER (ID, NAME, PASS, TEL, BIRTH, EMAIL, ZIPCODE, ADDR1, ADDR2, PROFILE) VALUES ('xxxx11', 'xxxx', '94d791f042c409c0cb2db18bb04c976e405700782417ab966b64f3e942dba48f', '123123123', TO_DATE('2018-10-10 16:13:40', 'YYYY-MM-DD HH24:MI:SS'), 'xxxx@gmail.com', '34940', '대전시 중구 대흥동 76', '2층 대덕인재개발원', null);
INSERT INTO BOARD.MEMBER (ID, NAME, PASS, TEL, BIRTH, EMAIL, ZIPCODE, ADDR1, ADDR2, PROFILE) VALUES ('xxxx13', 'xxxx', '94d791f042c409c0cb2db18bb04c976e405700782417ab966b64f3e942dba48f', '123123123', TO_DATE('2018-10-10 16:13:40', 'YYYY-MM-DD HH24:MI:SS'), 'xxxx@gmail.com', '34940', '대전시 중구 대흥동 76', '2층 대덕인재개발원', null);
INSERT INTO BOARD.MEMBER (ID, NAME, PASS, TEL, BIRTH, EMAIL, ZIPCODE, ADDR1, ADDR2, PROFILE) VALUES ('xxxx14', 'xxxx', '94d791f042c409c0cb2db18bb04c976e405700782417ab966b64f3e942dba48f', '123123123', TO_DATE('2018-10-10 16:13:40', 'YYYY-MM-DD HH24:MI:SS'), 'xxxx@gmail.com', '34940', '대전시 중구 대흥동 76', '2층 대덕인재개발원', null);
INSERT INTO BOARD.MEMBER (ID, NAME, PASS, TEL, BIRTH, EMAIL, ZIPCODE, ADDR1, ADDR2, PROFILE) VALUES ('xxxx16', 'xxxx', '94d791f042c409c0cb2db18bb04c976e405700782417ab966b64f3e942dba48f', '123123123', TO_DATE('2018-10-10 16:13:40', 'YYYY-MM-DD HH24:MI:SS'), 'xxxx@gmail.com', '34940', '대전시 중구 대흥동 76', '2층 대덕인재개발원', null);
INSERT INTO BOARD.MEMBER (ID, NAME, PASS, TEL, BIRTH, EMAIL, ZIPCODE, ADDR1, ADDR2, PROFILE) VALUES ('xxxx17', 'xxxx', '94d791f042c409c0cb2db18bb04c976e405700782417ab966b64f3e942dba48f', '123123123', TO_DATE('2018-10-10 16:13:40', 'YYYY-MM-DD HH24:MI:SS'), 'xxxx@gmail.com', '34940', '대전시 중구 대흥동 76', '2층 대덕인재개발원', null);
INSERT INTO BOARD.MEMBER (ID, NAME, PASS, TEL, BIRTH, EMAIL, ZIPCODE, ADDR1, ADDR2, PROFILE) VALUES ('xxxx19', 'xxxx', '94d791f042c409c0cb2db18bb04c976e405700782417ab966b64f3e942dba48f', '123123123', TO_DATE('2018-10-10 16:13:40', 'YYYY-MM-DD HH24:MI:SS'), 'xxxx@gmail.com', '34940', '대전시 중구 대흥동 76', '2층 대덕인재개발원', null);
INSERT INTO BOARD.MEMBER (ID, NAME, PASS, TEL, BIRTH, EMAIL, ZIPCODE, ADDR1, ADDR2, PROFILE) VALUES ('xxxx20', 'xxxx', '94d791f042c409c0cb2db18bb04c976e405700782417ab966b64f3e942dba48f', '123123123', TO_DATE('2018-10-10 16:13:40', 'YYYY-MM-DD HH24:MI:SS'), 'xxxx@gmail.com', '34940', '대전시 중구 대흥동 76', '2층 대덕인재개발원', null);
INSERT INTO BOARD.MEMBER (ID, NAME, PASS, TEL, BIRTH, EMAIL, ZIPCODE, ADDR1, ADDR2, PROFILE) VALUES ('xxxx22', 'xxxx', '94d791f042c409c0cb2db18bb04c976e405700782417ab966b64f3e942dba48f', '123123123', TO_DATE('2018-10-10 16:13:40', 'YYYY-MM-DD HH24:MI:SS'), 'xxxx@gmail.com', '34940', '대전시 중구 대흥동 76', '2층 대덕인재개발원', null);
INSERT INTO BOARD.MEMBER (ID, NAME, PASS, TEL, BIRTH, EMAIL, ZIPCODE, ADDR1, ADDR2, PROFILE) VALUES ('xxxx23', 'xxxx', '94d791f042c409c0cb2db18bb04c976e405700782417ab966b64f3e942dba48f', '123123123', TO_DATE('2018-10-10 16:13:40', 'YYYY-MM-DD HH24:MI:SS'), 'xxxx@gmail.com', '34940', '대전시 중구 대흥동 76', '2층 대덕인재개발원', null);
INSERT INTO BOARD.MEMBER (ID, NAME, PASS, TEL, BIRTH, EMAIL, ZIPCODE, ADDR1, ADDR2, PROFILE) VALUES ('xxxx25', 'xxxx', '94d791f042c409c0cb2db18bb04c976e405700782417ab966b64f3e942dba48f', '123123123', TO_DATE('2018-10-10 16:13:40', 'YYYY-MM-DD HH24:MI:SS'), 'xxxx@gmail.com', '34940', '대전시 중구 대흥동 76', '2층 대덕인재개발원', null);
INSERT INTO BOARD.MEMBER (ID, NAME, PASS, TEL, BIRTH, EMAIL, ZIPCODE, ADDR1, ADDR2, PROFILE) VALUES ('xxxx26', 'xxxx', '94d791f042c409c0cb2db18bb04c976e405700782417ab966b64f3e942dba48f', '123123123', TO_DATE('2018-10-10 16:13:40', 'YYYY-MM-DD HH24:MI:SS'), 'xxxx@gmail.com', '34940', '대전시 중구 대흥동 76', '2층 대덕인재개발원', null);
INSERT INTO BOARD.MEMBER (ID, NAME, PASS, TEL, BIRTH, EMAIL, ZIPCODE, ADDR1, ADDR2, PROFILE) VALUES ('xxxx28', 'xxxx', '94d791f042c409c0cb2db18bb04c976e405700782417ab966b64f3e942dba48f', '123123123', TO_DATE('2018-10-10 16:13:40', 'YYYY-MM-DD HH24:MI:SS'), 'xxxx@gmail.com', '34940', '대전시 중구 대흥동 76', '2층 대덕인재개발원', null);
INSERT INTO BOARD.MEMBER (ID, NAME, PASS, TEL, BIRTH, EMAIL, ZIPCODE, ADDR1, ADDR2, PROFILE) VALUES ('xxxx29', 'xxxx', '94d791f042c409c0cb2db18bb04c976e405700782417ab966b64f3e942dba48f', '123123123', TO_DATE('2018-10-10 16:13:40', 'YYYY-MM-DD HH24:MI:SS'), 'xxxx@gmail.com', '34940', '대전시 중구 대흥동 76', '2층 대덕인재개발원', null);
INSERT INTO BOARD.MEMBER (ID, NAME, PASS, TEL, BIRTH, EMAIL, ZIPCODE, ADDR1, ADDR2, PROFILE) VALUES ('xxxx31', 'xxxx', '94d791f042c409c0cb2db18bb04c976e405700782417ab966b64f3e942dba48f', '123123123', TO_DATE('2018-10-10 16:13:40', 'YYYY-MM-DD HH24:MI:SS'), 'xxxx@gmail.com', '34940', '대전시 중구 대흥동 76', '2층 대덕인재개발원', null);
INSERT INTO BOARD.MEMBER (ID, NAME, PASS, TEL, BIRTH, EMAIL, ZIPCODE, ADDR1, ADDR2, PROFILE) VALUES ('xxxx32', 'xxxx', '94d791f042c409c0cb2db18bb04c976e405700782417ab966b64f3e942dba48f', '123123123', TO_DATE('2018-10-10 16:13:40', 'YYYY-MM-DD HH24:MI:SS'), 'xxxx@gmail.com', '34940', '대전시 중구 대흥동 76', '2층 대덕인재개발원', null);
INSERT INTO BOARD.MEMBER (ID, NAME, PASS, TEL, BIRTH, EMAIL, ZIPCODE, ADDR1, ADDR2, PROFILE) VALUES ('xxxx34', 'xxxx', '94d791f042c409c0cb2db18bb04c976e405700782417ab966b64f3e942dba48f', '123123123', TO_DATE('2018-10-10 16:13:40', 'YYYY-MM-DD HH24:MI:SS'), 'xxxx@gmail.com', '34940', '대전시 중구 대흥동 76', '2층 대덕인재개발원', null);
INSERT INTO BOARD.MEMBER (ID, NAME, PASS, TEL, BIRTH, EMAIL, ZIPCODE, ADDR1, ADDR2, PROFILE) VALUES ('xxxx36', 'xxxx', '94d791f042c409c0cb2db18bb04c976e405700782417ab966b64f3e942dba48f', '123123123', TO_DATE('2018-10-10 16:13:40', 'YYYY-MM-DD HH24:MI:SS'), 'xxxx@gmail.com', '34940', '대전시 중구 대흥동 76', '2층 대덕인재개발원', null);
INSERT INTO BOARD.MEMBER (ID, NAME, PASS, TEL, BIRTH, EMAIL, ZIPCODE, ADDR1, ADDR2, PROFILE) VALUES ('xxxx37', 'xxxx', '94d791f042c409c0cb2db18bb04c976e405700782417ab966b64f3e942dba48f', '123123123', TO_DATE('2018-10-10 16:13:40', 'YYYY-MM-DD HH24:MI:SS'), 'xxxx@gmail.com', '34940', '대전시 중구 대흥동 76', '2층 대덕인재개발원', null);
INSERT INTO BOARD.MEMBER (ID, NAME, PASS, TEL, BIRTH, EMAIL, ZIPCODE, ADDR1, ADDR2, PROFILE) VALUES ('xxxx39', 'xxxx', '94d791f042c409c0cb2db18bb04c976e405700782417ab966b64f3e942dba48f', '123123123', TO_DATE('2018-10-10 16:13:40', 'YYYY-MM-DD HH24:MI:SS'), 'xxxx@gmail.com', '34940', '대전시 중구 대흥동 76', '2층 대덕인재개발원', null);
INSERT INTO BOARD.MEMBER (ID, NAME, PASS, TEL, BIRTH, EMAIL, ZIPCODE, ADDR1, ADDR2, PROFILE) VALUES ('xxxx40', 'xxxx', '94d791f042c409c0cb2db18bb04c976e405700782417ab966b64f3e942dba48f', '123123123', TO_DATE('2018-10-10 16:13:40', 'YYYY-MM-DD HH24:MI:SS'), 'xxxx@gmail.com', '34940', '대전시 중구 대흥동 76', '2층 대덕인재개발원', null);
INSERT INTO BOARD.MEMBER (ID, NAME, PASS, TEL, BIRTH, EMAIL, ZIPCODE, ADDR1, ADDR2, PROFILE) VALUES ('xxxx42', 'xxxx', '94d791f042c409c0cb2db18bb04c976e405700782417ab966b64f3e942dba48f', '123123123', TO_DATE('2018-10-10 16:13:40', 'YYYY-MM-DD HH24:MI:SS'), 'xxxx@gmail.com', '34940', '대전시 중구 대흥동 76', '2층 대덕인재개발원', null);
INSERT INTO BOARD.MEMBER (ID, NAME, PASS, TEL, BIRTH, EMAIL, ZIPCODE, ADDR1, ADDR2, PROFILE) VALUES ('xxxx43', 'xxxx', '94d791f042c409c0cb2db18bb04c976e405700782417ab966b64f3e942dba48f', '123123123', TO_DATE('2018-10-10 16:13:40', 'YYYY-MM-DD HH24:MI:SS'), 'xxxx@gmail.com', '34940', '대전시 중구 대흥동 76', '2층 대덕인재개발원', null);
INSERT INTO BOARD.MEMBER (ID, NAME, PASS, TEL, BIRTH, EMAIL, ZIPCODE, ADDR1, ADDR2, PROFILE) VALUES ('xxxx45', 'xxxx', '94d791f042c409c0cb2db18bb04c976e405700782417ab966b64f3e942dba48f', '123123123', TO_DATE('2018-10-10 16:13:40', 'YYYY-MM-DD HH24:MI:SS'), 'xxxx@gmail.com', '34940', '대전시 중구 대흥동 76', '2층 대덕인재개발원', null);
INSERT INTO BOARD.MEMBER (ID, NAME, PASS, TEL, BIRTH, EMAIL, ZIPCODE, ADDR1, ADDR2, PROFILE) VALUES ('xxxx46', 'xxxx', '94d791f042c409c0cb2db18bb04c976e405700782417ab966b64f3e942dba48f', '123123123', TO_DATE('2018-10-10 16:13:40', 'YYYY-MM-DD HH24:MI:SS'), 'xxxx@gmail.com', '34940', '대전시 중구 대흥동 76', '2층 대덕인재개발원', null);
INSERT INTO BOARD.MEMBER (ID, NAME, PASS, TEL, BIRTH, EMAIL, ZIPCODE, ADDR1, ADDR2, PROFILE) VALUES ('xxxx48', 'xxxx', '94d791f042c409c0cb2db18bb04c976e405700782417ab966b64f3e942dba48f', '123123123', TO_DATE('2018-10-10 16:13:40', 'YYYY-MM-DD HH24:MI:SS'), 'xxxx@gmail.com', '34940', '대전시 중구 대흥동 76', '2층 대덕인재개발원', null);
INSERT INTO BOARD.MEMBER (ID, NAME, PASS, TEL, BIRTH, EMAIL, ZIPCODE, ADDR1, ADDR2, PROFILE) VALUES ('xxxx49', 'xxxx', '94d791f042c409c0cb2db18bb04c976e405700782417ab966b64f3e942dba48f', '123123123', TO_DATE('2018-10-10 16:13:40', 'YYYY-MM-DD HH24:MI:SS'), 'xxxx@gmail.com', '34940', '대전시 중구 대흥동 76', '2층 대덕인재개발원', null);
INSERT INTO BOARD.MEMBER (ID, NAME, PASS, TEL, BIRTH, EMAIL, ZIPCODE, ADDR1, ADDR2, PROFILE) VALUES ('xxxx51', 'xxxx', '94d791f042c409c0cb2db18bb04c976e405700782417ab966b64f3e942dba48f', '123123123', TO_DATE('2018-10-10 16:13:40', 'YYYY-MM-DD HH24:MI:SS'), 'xxxx@gmail.com', '34940', '대전시 중구 대흥동 76', '2층 대덕인재개발원', null);
INSERT INTO BOARD.MEMBER (ID, NAME, PASS, TEL, BIRTH, EMAIL, ZIPCODE, ADDR1, ADDR2, PROFILE) VALUES ('xxxx52', 'xxxx', '94d791f042c409c0cb2db18bb04c976e405700782417ab966b64f3e942dba48f', '123123123', TO_DATE('2018-10-10 16:13:40', 'YYYY-MM-DD HH24:MI:SS'), 'xxxx@gmail.com', '34940', '대전시 중구 대흥동 76', '2층 대덕인재개발원', null);
INSERT INTO BOARD.MEMBER (ID, NAME, PASS, TEL, BIRTH, EMAIL, ZIPCODE, ADDR1, ADDR2, PROFILE) VALUES ('xxxx53', 'xxxx', '94d791f042c409c0cb2db18bb04c976e405700782417ab966b64f3e942dba48f', '123123123', TO_DATE('2018-10-10 16:13:40', 'YYYY-MM-DD HH24:MI:SS'), 'xxxx@gmail.com', '34940', '대전시 중구 대흥동 76', '2층 대덕인재개발원', null);
INSERT INTO BOARD.MEMBER (ID, NAME, PASS, TEL, BIRTH, EMAIL, ZIPCODE, ADDR1, ADDR2, PROFILE) VALUES ('xxxx54', 'xxxx', '94d791f042c409c0cb2db18bb04c976e405700782417ab966b64f3e942dba48f', '123123123', TO_DATE('2018-10-10 16:13:40', 'YYYY-MM-DD HH24:MI:SS'), 'xxxx@gmail.com', '34940', '대전시 중구 대흥동 76', '2층 대덕인재개발원', null);
INSERT INTO BOARD.MEMBER (ID, NAME, PASS, TEL, BIRTH, EMAIL, ZIPCODE, ADDR1, ADDR2, PROFILE) VALUES ('xxxx55', 'xxxx', '94d791f042c409c0cb2db18bb04c976e405700782417ab966b64f3e942dba48f', '123123123', TO_DATE('2018-10-10 16:13:40', 'YYYY-MM-DD HH24:MI:SS'), 'xxxx@gmail.com', '34940', '대전시 중구 대흥동 76', '2층 대덕인재개발원', null);
INSERT INTO BOARD.MEMBER (ID, NAME, PASS, TEL, BIRTH, EMAIL, ZIPCODE, ADDR1, ADDR2, PROFILE) VALUES ('xxxx56', 'xxxx', '94d791f042c409c0cb2db18bb04c976e405700782417ab966b64f3e942dba48f', '123123123', TO_DATE('2018-10-10 16:13:40', 'YYYY-MM-DD HH24:MI:SS'), 'xxxx@gmail.com', '34940', '대전시 중구 대흥동 76', '2층 대덕인재개발원', null);
INSERT INTO BOARD.MEMBER (ID, NAME, PASS, TEL, BIRTH, EMAIL, ZIPCODE, ADDR1, ADDR2, PROFILE) VALUES ('xxxx57', 'xxxx', '94d791f042c409c0cb2db18bb04c976e405700782417ab966b64f3e942dba48f', '123123123', TO_DATE('2018-10-10 16:13:40', 'YYYY-MM-DD HH24:MI:SS'), 'xxxx@gmail.com', '34940', '대전시 중구 대흥동 76', '2층 대덕인재개발원', null);
INSERT INTO BOARD.MEMBER (ID, NAME, PASS, TEL, BIRTH, EMAIL, ZIPCODE, ADDR1, ADDR2, PROFILE) VALUES ('xxxx58', 'xxxx', '94d791f042c409c0cb2db18bb04c976e405700782417ab966b64f3e942dba48f', '123123123', TO_DATE('2018-10-10 16:13:40', 'YYYY-MM-DD HH24:MI:SS'), 'xxxx@gmail.com', '34940', '대전시 중구 대흥동 76', '2층 대덕인재개발원', null);
INSERT INTO BOARD.MEMBER (ID, NAME, PASS, TEL, BIRTH, EMAIL, ZIPCODE, ADDR1, ADDR2, PROFILE) VALUES ('xxxx59', 'xxxx', '94d791f042c409c0cb2db18bb04c976e405700782417ab966b64f3e942dba48f', '123123123', TO_DATE('2018-10-10 16:13:40', 'YYYY-MM-DD HH24:MI:SS'), 'xxxx@gmail.com', '34940', '대전시 중구 대흥동 76', '2층 대덕인재개발원', null);
INSERT INTO BOARD.MEMBER (ID, NAME, PASS, TEL, BIRTH, EMAIL, ZIPCODE, ADDR1, ADDR2, PROFILE) VALUES ('xxxx60', 'xxxx', '94d791f042c409c0cb2db18bb04c976e405700782417ab966b64f3e942dba48f', '123123123', TO_DATE('2018-10-10 16:13:40', 'YYYY-MM-DD HH24:MI:SS'), 'xxxx@gmail.com', '34940', '대전시 중구 대흥동 76', '2층 대덕인재개발원', null);
INSERT INTO BOARD.MEMBER (ID, NAME, PASS, TEL, BIRTH, EMAIL, ZIPCODE, ADDR1, ADDR2, PROFILE) VALUES ('xxxx61', 'xxxx', '94d791f042c409c0cb2db18bb04c976e405700782417ab966b64f3e942dba48f', '123123123', TO_DATE('2018-10-10 16:13:40', 'YYYY-MM-DD HH24:MI:SS'), 'xxxx@gmail.com', '34940', '대전시 중구 대흥동 76', '2층 대덕인재개발원', null);
INSERT INTO BOARD.MEMBER (ID, NAME, PASS, TEL, BIRTH, EMAIL, ZIPCODE, ADDR1, ADDR2, PROFILE) VALUES ('xxxx62', 'xxxx', '94d791f042c409c0cb2db18bb04c976e405700782417ab966b64f3e942dba48f', '123123123', TO_DATE('2018-10-10 16:13:40', 'YYYY-MM-DD HH24:MI:SS'), 'xxxx@gmail.com', '34940', '대전시 중구 대흥동 76', '2층 대덕인재개발원', null);
INSERT INTO BOARD.MEMBER (ID, NAME, PASS, TEL, BIRTH, EMAIL, ZIPCODE, ADDR1, ADDR2, PROFILE) VALUES ('xxxx63', 'xxxx', '94d791f042c409c0cb2db18bb04c976e405700782417ab966b64f3e942dba48f', '123123123', TO_DATE('2018-10-10 16:13:40', 'YYYY-MM-DD HH24:MI:SS'), 'xxxx@gmail.com', '34940', '대전시 중구 대흥동 76', '2층 대덕인재개발원', null);
INSERT INTO BOARD.MEMBER (ID, NAME, PASS, TEL, BIRTH, EMAIL, ZIPCODE, ADDR1, ADDR2, PROFILE) VALUES ('xxxx64', 'xxxx', '94d791f042c409c0cb2db18bb04c976e405700782417ab966b64f3e942dba48f', '123123123', TO_DATE('2018-10-10 16:13:40', 'YYYY-MM-DD HH24:MI:SS'), 'xxxx@gmail.com', '34940', '대전시 중구 대흥동 76', '2층 대덕인재개발원', null);
INSERT INTO BOARD.MEMBER (ID, NAME, PASS, TEL, BIRTH, EMAIL, ZIPCODE, ADDR1, ADDR2, PROFILE) VALUES ('xxxx65', 'xxxx', '94d791f042c409c0cb2db18bb04c976e405700782417ab966b64f3e942dba48f', '123123123', TO_DATE('2018-10-10 16:13:40', 'YYYY-MM-DD HH24:MI:SS'), 'xxxx@gmail.com', '34940', '대전시 중구 대흥동 76', '2층 대덕인재개발원', null);
INSERT INTO BOARD.MEMBER (ID, NAME, PASS, TEL, BIRTH, EMAIL, ZIPCODE, ADDR1, ADDR2, PROFILE) VALUES ('xxxx66', 'xxxx', '94d791f042c409c0cb2db18bb04c976e405700782417ab966b64f3e942dba48f', '123123123', TO_DATE('2018-10-10 16:13:40', 'YYYY-MM-DD HH24:MI:SS'), 'xxxx@gmail.com', '34940', '대전시 중구 대흥동 76', '2층 대덕인재개발원', null);
INSERT INTO BOARD.MEMBER (ID, NAME, PASS, TEL, BIRTH, EMAIL, ZIPCODE, ADDR1, ADDR2, PROFILE) VALUES ('xxxx68', 'xxxx', '94d791f042c409c0cb2db18bb04c976e405700782417ab966b64f3e942dba48f', '123123123', TO_DATE('2018-10-10 16:13:40', 'YYYY-MM-DD HH24:MI:SS'), 'xxxx@gmail.com', '34940', '대전시 중구 대흥동 76', '2층 대덕인재개발원', null);
INSERT INTO BOARD.MEMBER (ID, NAME, PASS, TEL, BIRTH, EMAIL, ZIPCODE, ADDR1, ADDR2, PROFILE) VALUES ('xxxx69', 'xxxx', '94d791f042c409c0cb2db18bb04c976e405700782417ab966b64f3e942dba48f', '123123123', TO_DATE('2018-10-10 16:13:40', 'YYYY-MM-DD HH24:MI:SS'), 'xxxx@gmail.com', '34940', '대전시 중구 대흥동 76', '2층 대덕인재개발원', null);
INSERT INTO BOARD.MEMBER (ID, NAME, PASS, TEL, BIRTH, EMAIL, ZIPCODE, ADDR1, ADDR2, PROFILE) VALUES ('xxxx71', 'xxxx', '94d791f042c409c0cb2db18bb04c976e405700782417ab966b64f3e942dba48f', '123123123', TO_DATE('2018-10-10 16:13:40', 'YYYY-MM-DD HH24:MI:SS'), 'xxxx@gmail.com', '34940', '대전시 중구 대흥동 76', '2층 대덕인재개발원', null);
INSERT INTO BOARD.MEMBER (ID, NAME, PASS, TEL, BIRTH, EMAIL, ZIPCODE, ADDR1, ADDR2, PROFILE) VALUES ('xxxx72', 'xxxx', '94d791f042c409c0cb2db18bb04c976e405700782417ab966b64f3e942dba48f', '123123123', TO_DATE('2018-10-10 16:13:40', 'YYYY-MM-DD HH24:MI:SS'), 'xxxx@gmail.com', '34940', '대전시 중구 대흥동 76', '2층 대덕인재개발원', null);
INSERT INTO BOARD.MEMBER (ID, NAME, PASS, TEL, BIRTH, EMAIL, ZIPCODE, ADDR1, ADDR2, PROFILE) VALUES ('xxxx74', 'xxxx', '94d791f042c409c0cb2db18bb04c976e405700782417ab966b64f3e942dba48f', '123123123', TO_DATE('2018-10-10 16:13:40', 'YYYY-MM-DD HH24:MI:SS'), 'xxxx@gmail.com', '34940', '대전시 중구 대흥동 76', '2층 대덕인재개발원', null);
INSERT INTO BOARD.MEMBER (ID, NAME, PASS, TEL, BIRTH, EMAIL, ZIPCODE, ADDR1, ADDR2, PROFILE) VALUES ('xxxx75', 'xxxx', '94d791f042c409c0cb2db18bb04c976e405700782417ab966b64f3e942dba48f', '123123123', TO_DATE('2018-10-10 16:13:40', 'YYYY-MM-DD HH24:MI:SS'), 'xxxx@gmail.com', '34940', '대전시 중구 대흥동 76', '2층 대덕인재개발원', null);
INSERT INTO BOARD.MEMBER (ID, NAME, PASS, TEL, BIRTH, EMAIL, ZIPCODE, ADDR1, ADDR2, PROFILE) VALUES ('xxxx77', 'xxxx', '94d791f042c409c0cb2db18bb04c976e405700782417ab966b64f3e942dba48f', '123123123', TO_DATE('2018-10-10 16:13:40', 'YYYY-MM-DD HH24:MI:SS'), 'xxxx@gmail.com', '34940', '대전시 중구 대흥동 76', '2층 대덕인재개발원', null);
INSERT INTO BOARD.MEMBER (ID, NAME, PASS, TEL, BIRTH, EMAIL, ZIPCODE, ADDR1, ADDR2, PROFILE) VALUES ('xxxx79', 'xxxx', '94d791f042c409c0cb2db18bb04c976e405700782417ab966b64f3e942dba48f', '123123123', TO_DATE('2018-10-10 16:13:40', 'YYYY-MM-DD HH24:MI:SS'), 'xxxx@gmail.com', '34940', '대전시 중구 대흥동 76', '2층 대덕인재개발원', null);
INSERT INTO BOARD.MEMBER (ID, NAME, PASS, TEL, BIRTH, EMAIL, ZIPCODE, ADDR1, ADDR2, PROFILE) VALUES ('xxxx80', 'xxxx', '94d791f042c409c0cb2db18bb04c976e405700782417ab966b64f3e942dba48f', '123123123', TO_DATE('2018-10-10 16:13:40', 'YYYY-MM-DD HH24:MI:SS'), 'xxxx@gmail.com', '34940', '대전시 중구 대흥동 76', '2층 대덕인재개발원', null);
INSERT INTO BOARD.MEMBER (ID, NAME, PASS, TEL, BIRTH, EMAIL, ZIPCODE, ADDR1, ADDR2, PROFILE) VALUES ('xxxx82', 'xxxx', '94d791f042c409c0cb2db18bb04c976e405700782417ab966b64f3e942dba48f', '123123123', TO_DATE('2018-10-10 16:13:40', 'YYYY-MM-DD HH24:MI:SS'), 'xxxx@gmail.com', '34940', '대전시 중구 대흥동 76', '2층 대덕인재개발원', null);
INSERT INTO BOARD.MEMBER (ID, NAME, PASS, TEL, BIRTH, EMAIL, ZIPCODE, ADDR1, ADDR2, PROFILE) VALUES ('xxxx83', 'xxxx', '94d791f042c409c0cb2db18bb04c976e405700782417ab966b64f3e942dba48f', '123123123', TO_DATE('2018-10-10 16:13:40', 'YYYY-MM-DD HH24:MI:SS'), 'xxxx@gmail.com', '34940', '대전시 중구 대흥동 76', '2층 대덕인재개발원', null);
INSERT INTO BOARD.MEMBER (ID, NAME, PASS, TEL, BIRTH, EMAIL, ZIPCODE, ADDR1, ADDR2, PROFILE) VALUES ('xxxx85', 'xxxx', '94d791f042c409c0cb2db18bb04c976e405700782417ab966b64f3e942dba48f', '123123123', TO_DATE('2018-10-10 16:13:40', 'YYYY-MM-DD HH24:MI:SS'), 'xxxx@gmail.com', '34940', '대전시 중구 대흥동 76', '2층 대덕인재개발원', null);
INSERT INTO BOARD.MEMBER (ID, NAME, PASS, TEL, BIRTH, EMAIL, ZIPCODE, ADDR1, ADDR2, PROFILE) VALUES ('xxxx86', 'xxxx', '94d791f042c409c0cb2db18bb04c976e405700782417ab966b64f3e942dba48f', '123123123', TO_DATE('2018-10-10 16:13:40', 'YYYY-MM-DD HH24:MI:SS'), 'xxxx@gmail.com', '34940', '대전시 중구 대흥동 76', '2층 대덕인재개발원', null);
INSERT INTO BOARD.MEMBER (ID, NAME, PASS, TEL, BIRTH, EMAIL, ZIPCODE, ADDR1, ADDR2, PROFILE) VALUES ('xxxx88', 'xxxx', '94d791f042c409c0cb2db18bb04c976e405700782417ab966b64f3e942dba48f', '123123123', TO_DATE('2018-10-10 16:13:40', 'YYYY-MM-DD HH24:MI:SS'), 'xxxx@gmail.com', '34940', '대전시 중구 대흥동 76', '2층 대덕인재개발원', null);
INSERT INTO BOARD.MEMBER (ID, NAME, PASS, TEL, BIRTH, EMAIL, ZIPCODE, ADDR1, ADDR2, PROFILE) VALUES ('xxxx89', 'xxxx', '94d791f042c409c0cb2db18bb04c976e405700782417ab966b64f3e942dba48f', '123123123', TO_DATE('2018-10-10 16:13:40', 'YYYY-MM-DD HH24:MI:SS'), 'xxxx@gmail.com', '34940', '대전시 중구 대흥동 76', '2층 대덕인재개발원', null);
INSERT INTO BOARD.MEMBER (ID, NAME, PASS, TEL, BIRTH, EMAIL, ZIPCODE, ADDR1, ADDR2, PROFILE) VALUES ('xxxx91', 'xxxx', '94d791f042c409c0cb2db18bb04c976e405700782417ab966b64f3e942dba48f', '123123123', TO_DATE('2018-10-10 16:13:40', 'YYYY-MM-DD HH24:MI:SS'), 'xxxx@gmail.com', '34940', '대전시 중구 대흥동 76', '2층 대덕인재개발원', null);
INSERT INTO BOARD.MEMBER (ID, NAME, PASS, TEL, BIRTH, EMAIL, ZIPCODE, ADDR1, ADDR2, PROFILE) VALUES ('xxxx92', 'xxxx', '94d791f042c409c0cb2db18bb04c976e405700782417ab966b64f3e942dba48f', '123123123', TO_DATE('2018-10-10 16:13:40', 'YYYY-MM-DD HH24:MI:SS'), 'xxxx@gmail.com', '34940', '대전시 중구 대흥동 76', '2층 대덕인재개발원', null);
INSERT INTO BOARD.MEMBER (ID, NAME, PASS, TEL, BIRTH, EMAIL, ZIPCODE, ADDR1, ADDR2, PROFILE) VALUES ('xxxx94', 'xxxx', '94d791f042c409c0cb2db18bb04c976e405700782417ab966b64f3e942dba48f', '123123123', TO_DATE('2018-10-10 16:13:40', 'YYYY-MM-DD HH24:MI:SS'), 'xxxx@gmail.com', '34940', '대전시 중구 대흥동 76', '2층 대덕인재개발원', null);
INSERT INTO BOARD.MEMBER (ID, NAME, PASS, TEL, BIRTH, EMAIL, ZIPCODE, ADDR1, ADDR2, PROFILE) VALUES ('xxxx95', 'xxxx', '94d791f042c409c0cb2db18bb04c976e405700782417ab966b64f3e942dba48f', '123123123', TO_DATE('2018-10-10 16:13:40', 'YYYY-MM-DD HH24:MI:SS'), 'xxxx@gmail.com', '34940', '대전시 중구 대흥동 76', '2층 대덕인재개발원', null);
INSERT INTO BOARD.MEMBER (ID, NAME, PASS, TEL, BIRTH, EMAIL, ZIPCODE, ADDR1, ADDR2, PROFILE) VALUES ('xxxx97', 'xxxx', '94d791f042c409c0cb2db18bb04c976e405700782417ab966b64f3e942dba48f', '123123123', TO_DATE('2018-10-10 16:13:40', 'YYYY-MM-DD HH24:MI:SS'), 'xxxx@gmail.com', '34940', '대전시 중구 대흥동 76', '2층 대덕인재개발원', null);
INSERT INTO BOARD.MEMBER (ID, NAME, PASS, TEL, BIRTH, EMAIL, ZIPCODE, ADDR1, ADDR2, PROFILE) VALUES ('xxxx98', 'xxxx', '94d791f042c409c0cb2db18bb04c976e405700782417ab966b64f3e942dba48f', '123123123', TO_DATE('2018-10-10 16:13:40', 'YYYY-MM-DD HH24:MI:SS'), 'xxxx@gmail.com', '34940', '대전시 중구 대흥동 76', '2층 대덕인재개발원', null);
INSERT INTO BOARD.MEMBER (ID, NAME, PASS, TEL, BIRTH, EMAIL, ZIPCODE, ADDR1, ADDR2, PROFILE) VALUES ('xxxx100', 'xxxx', '94d791f042c409c0cb2db18bb04c976e405700782417ab966b64f3e942dba48f', '123123123', TO_DATE('2018-10-10 16:13:40', 'YYYY-MM-DD HH24:MI:SS'), 'xxxx@gmail.com', '34940', '대전시 중구 대흥동 76', '2층 대덕인재개발원', null);
INSERT INTO BOARD.MEMBER (ID, NAME, PASS, TEL, BIRTH, EMAIL, ZIPCODE, ADDR1, ADDR2, PROFILE) VALUES ('xxxx12', 'xxxx', '94d791f042c409c0cb2db18bb04c976e405700782417ab966b64f3e942dba48f', '123123123', TO_DATE('2018-10-10 16:13:40', 'YYYY-MM-DD HH24:MI:SS'), 'xxxx@gmail.com', '34940', '대전시 중구 대흥동 76', '2층 대덕인재개발원', null);
INSERT INTO BOARD.MEMBER (ID, NAME, PASS, TEL, BIRTH, EMAIL, ZIPCODE, ADDR1, ADDR2, PROFILE) VALUES ('xxxx15', 'xxxx', '94d791f042c409c0cb2db18bb04c976e405700782417ab966b64f3e942dba48f', '123123123', TO_DATE('2018-10-10 16:13:40', 'YYYY-MM-DD HH24:MI:SS'), 'xxxx@gmail.com', '34940', '대전시 중구 대흥동 76', '2층 대덕인재개발원', null);
INSERT INTO BOARD.MEMBER (ID, NAME, PASS, TEL, BIRTH, EMAIL, ZIPCODE, ADDR1, ADDR2, PROFILE) VALUES ('xxxx18', 'xxxx', '94d791f042c409c0cb2db18bb04c976e405700782417ab966b64f3e942dba48f', '123123123', TO_DATE('2018-10-10 16:13:40', 'YYYY-MM-DD HH24:MI:SS'), 'xxxx@gmail.com', '34940', '대전시 중구 대흥동 76', '2층 대덕인재개발원', null);
INSERT INTO BOARD.MEMBER (ID, NAME, PASS, TEL, BIRTH, EMAIL, ZIPCODE, ADDR1, ADDR2, PROFILE) VALUES ('xxxx21', 'xxxx', '94d791f042c409c0cb2db18bb04c976e405700782417ab966b64f3e942dba48f', '123123123', TO_DATE('2018-10-10 16:13:40', 'YYYY-MM-DD HH24:MI:SS'), 'xxxx@gmail.com', '34940', '대전시 중구 대흥동 76', '2층 대덕인재개발원', null);
INSERT INTO BOARD.MEMBER (ID, NAME, PASS, TEL, BIRTH, EMAIL, ZIPCODE, ADDR1, ADDR2, PROFILE) VALUES ('xxxx24', 'xxxx', '94d791f042c409c0cb2db18bb04c976e405700782417ab966b64f3e942dba48f', '123123123', TO_DATE('2018-10-10 16:13:40', 'YYYY-MM-DD HH24:MI:SS'), 'xxxx@gmail.com', '34940', '대전시 중구 대흥동 76', '2층 대덕인재개발원', null);
INSERT INTO BOARD.MEMBER (ID, NAME, PASS, TEL, BIRTH, EMAIL, ZIPCODE, ADDR1, ADDR2, PROFILE) VALUES ('xxxx27', 'xxxx', '94d791f042c409c0cb2db18bb04c976e405700782417ab966b64f3e942dba48f', '123123123', TO_DATE('2018-10-10 16:13:40', 'YYYY-MM-DD HH24:MI:SS'), 'xxxx@gmail.com', '34940', '대전시 중구 대흥동 76', '2층 대덕인재개발원', null);
INSERT INTO BOARD.MEMBER (ID, NAME, PASS, TEL, BIRTH, EMAIL, ZIPCODE, ADDR1, ADDR2, PROFILE) VALUES ('xxxx30', 'xxxx', '94d791f042c409c0cb2db18bb04c976e405700782417ab966b64f3e942dba48f', '123123123', TO_DATE('2018-10-10 16:13:40', 'YYYY-MM-DD HH24:MI:SS'), 'xxxx@gmail.com', '34940', '대전시 중구 대흥동 76', '2층 대덕인재개발원', null);
INSERT INTO BOARD.MEMBER (ID, NAME, PASS, TEL, BIRTH, EMAIL, ZIPCODE, ADDR1, ADDR2, PROFILE) VALUES ('xxxx33', 'xxxx', '94d791f042c409c0cb2db18bb04c976e405700782417ab966b64f3e942dba48f', '123123123', TO_DATE('2018-10-10 16:13:40', 'YYYY-MM-DD HH24:MI:SS'), 'xxxx@gmail.com', '34940', '대전시 중구 대흥동 76', '2층 대덕인재개발원', null);
INSERT INTO BOARD.MEMBER (ID, NAME, PASS, TEL, BIRTH, EMAIL, ZIPCODE, ADDR1, ADDR2, PROFILE) VALUES ('xxxx35', 'xxxx', '94d791f042c409c0cb2db18bb04c976e405700782417ab966b64f3e942dba48f', '123123123', TO_DATE('2018-10-10 16:13:40', 'YYYY-MM-DD HH24:MI:SS'), 'xxxx@gmail.com', '34940', '대전시 중구 대흥동 76', '2층 대덕인재개발원', null);
INSERT INTO BOARD.MEMBER (ID, NAME, PASS, TEL, BIRTH, EMAIL, ZIPCODE, ADDR1, ADDR2, PROFILE) VALUES ('xxxx38', 'xxxx', '94d791f042c409c0cb2db18bb04c976e405700782417ab966b64f3e942dba48f', '123123123', TO_DATE('2018-10-10 16:13:40', 'YYYY-MM-DD HH24:MI:SS'), 'xxxx@gmail.com', '34940', '대전시 중구 대흥동 76', '2층 대덕인재개발원', null);
INSERT INTO BOARD.MEMBER (ID, NAME, PASS, TEL, BIRTH, EMAIL, ZIPCODE, ADDR1, ADDR2, PROFILE) VALUES ('xxxx41', 'xxxx', '94d791f042c409c0cb2db18bb04c976e405700782417ab966b64f3e942dba48f', '123123123', TO_DATE('2018-10-10 16:13:40', 'YYYY-MM-DD HH24:MI:SS'), 'xxxx@gmail.com', '34940', '대전시 중구 대흥동 76', '2층 대덕인재개발원', null);
INSERT INTO BOARD.MEMBER (ID, NAME, PASS, TEL, BIRTH, EMAIL, ZIPCODE, ADDR1, ADDR2, PROFILE) VALUES ('xxxx44', 'xxxx', '94d791f042c409c0cb2db18bb04c976e405700782417ab966b64f3e942dba48f', '123123123', TO_DATE('2018-10-10 16:13:40', 'YYYY-MM-DD HH24:MI:SS'), 'xxxx@gmail.com', '34940', '대전시 중구 대흥동 76', '2층 대덕인재개발원', null);
INSERT INTO BOARD.MEMBER (ID, NAME, PASS, TEL, BIRTH, EMAIL, ZIPCODE, ADDR1, ADDR2, PROFILE) VALUES ('xxxx47', 'xxxx', '94d791f042c409c0cb2db18bb04c976e405700782417ab966b64f3e942dba48f', '123123123', TO_DATE('2018-10-10 16:13:40', 'YYYY-MM-DD HH24:MI:SS'), 'xxxx@gmail.com', '34940', '대전시 중구 대흥동 76', '2층 대덕인재개발원', null);
INSERT INTO BOARD.MEMBER (ID, NAME, PASS, TEL, BIRTH, EMAIL, ZIPCODE, ADDR1, ADDR2, PROFILE) VALUES ('xxxx50', 'xxxx', '94d791f042c409c0cb2db18bb04c976e405700782417ab966b64f3e942dba48f', '123123123', TO_DATE('2018-10-10 16:13:40', 'YYYY-MM-DD HH24:MI:SS'), 'xxxx@gmail.com', '34940', '대전시 중구 대흥동 76', '2층 대덕인재개발원', null);
INSERT INTO BOARD.MEMBER (ID, NAME, PASS, TEL, BIRTH, EMAIL, ZIPCODE, ADDR1, ADDR2, PROFILE) VALUES ('xxxx67', 'xxxx', '94d791f042c409c0cb2db18bb04c976e405700782417ab966b64f3e942dba48f', '123123123', TO_DATE('2018-10-10 16:13:40', 'YYYY-MM-DD HH24:MI:SS'), 'xxxx@gmail.com', '34940', '대전시 중구 대흥동 76', '2층 대덕인재개발원', null);
INSERT INTO BOARD.MEMBER (ID, NAME, PASS, TEL, BIRTH, EMAIL, ZIPCODE, ADDR1, ADDR2, PROFILE) VALUES ('xxxx70', 'xxxx', '94d791f042c409c0cb2db18bb04c976e405700782417ab966b64f3e942dba48f', '123123123', TO_DATE('2018-10-10 16:13:40', 'YYYY-MM-DD HH24:MI:SS'), 'xxxx@gmail.com', '34940', '대전시 중구 대흥동 76', '2층 대덕인재개발원', null);
INSERT INTO BOARD.MEMBER (ID, NAME, PASS, TEL, BIRTH, EMAIL, ZIPCODE, ADDR1, ADDR2, PROFILE) VALUES ('xxxx73', 'xxxx', '94d791f042c409c0cb2db18bb04c976e405700782417ab966b64f3e942dba48f', '123123123', TO_DATE('2018-10-10 16:13:40', 'YYYY-MM-DD HH24:MI:SS'), 'xxxx@gmail.com', '34940', '대전시 중구 대흥동 76', '2층 대덕인재개발원', null);
INSERT INTO BOARD.MEMBER (ID, NAME, PASS, TEL, BIRTH, EMAIL, ZIPCODE, ADDR1, ADDR2, PROFILE) VALUES ('xxxx76', 'xxxx', '94d791f042c409c0cb2db18bb04c976e405700782417ab966b64f3e942dba48f', '123123123', TO_DATE('2018-10-10 16:13:40', 'YYYY-MM-DD HH24:MI:SS'), 'xxxx@gmail.com', '34940', '대전시 중구 대흥동 76', '2층 대덕인재개발원', null);
INSERT INTO BOARD.MEMBER (ID, NAME, PASS, TEL, BIRTH, EMAIL, ZIPCODE, ADDR1, ADDR2, PROFILE) VALUES ('xxxx78', 'xxxx', '94d791f042c409c0cb2db18bb04c976e405700782417ab966b64f3e942dba48f', '123123123', TO_DATE('2018-10-10 16:13:40', 'YYYY-MM-DD HH24:MI:SS'), 'xxxx@gmail.com', '34940', '대전시 중구 대흥동 76', '2층 대덕인재개발원', null);
INSERT INTO BOARD.MEMBER (ID, NAME, PASS, TEL, BIRTH, EMAIL, ZIPCODE, ADDR1, ADDR2, PROFILE) VALUES ('xxxx81', 'xxxx', '94d791f042c409c0cb2db18bb04c976e405700782417ab966b64f3e942dba48f', '123123123', TO_DATE('2018-10-10 16:13:40', 'YYYY-MM-DD HH24:MI:SS'), 'xxxx@gmail.com', '34940', '대전시 중구 대흥동 76', '2층 대덕인재개발원', null);
INSERT INTO BOARD.MEMBER (ID, NAME, PASS, TEL, BIRTH, EMAIL, ZIPCODE, ADDR1, ADDR2, PROFILE) VALUES ('xxxx84', 'xxxx', '94d791f042c409c0cb2db18bb04c976e405700782417ab966b64f3e942dba48f', '123123123', TO_DATE('2018-10-10 16:13:40', 'YYYY-MM-DD HH24:MI:SS'), 'xxxx@gmail.com', '34940', '대전시 중구 대흥동 76', '2층 대덕인재개발원', null);
INSERT INTO BOARD.MEMBER (ID, NAME, PASS, TEL, BIRTH, EMAIL, ZIPCODE, ADDR1, ADDR2, PROFILE) VALUES ('xxxx87', 'xxxx', '94d791f042c409c0cb2db18bb04c976e405700782417ab966b64f3e942dba48f', '123123123', TO_DATE('2018-10-10 16:13:40', 'YYYY-MM-DD HH24:MI:SS'), 'xxxx@gmail.com', '34940', '대전시 중구 대흥동 76', '2층 대덕인재개발원', null);
INSERT INTO BOARD.MEMBER (ID, NAME, PASS, TEL, BIRTH, EMAIL, ZIPCODE, ADDR1, ADDR2, PROFILE) VALUES ('xxxx90', 'xxxx', '94d791f042c409c0cb2db18bb04c976e405700782417ab966b64f3e942dba48f', '123123123', TO_DATE('2018-10-10 16:13:40', 'YYYY-MM-DD HH24:MI:SS'), 'xxxx@gmail.com', '34940', '대전시 중구 대흥동 76', '2층 대덕인재개발원', null);
INSERT INTO BOARD.MEMBER (ID, NAME, PASS, TEL, BIRTH, EMAIL, ZIPCODE, ADDR1, ADDR2, PROFILE) VALUES ('xxxx93', 'xxxx', '94d791f042c409c0cb2db18bb04c976e405700782417ab966b64f3e942dba48f', '123123123', TO_DATE('2018-10-10 16:13:40', 'YYYY-MM-DD HH24:MI:SS'), 'xxxx@gmail.com', '34940', '대전시 중구 대흥동 76', '2층 대덕인재개발원', null);
INSERT INTO BOARD.MEMBER (ID, NAME, PASS, TEL, BIRTH, EMAIL, ZIPCODE, ADDR1, ADDR2, PROFILE) VALUES ('xxxx96', 'xxxx', '94d791f042c409c0cb2db18bb04c976e405700782417ab966b64f3e942dba48f', '123123123', TO_DATE('2018-10-10 16:13:40', 'YYYY-MM-DD HH24:MI:SS'), 'xxxx@gmail.com', '34940', '대전시 중구 대흥동 76', '2층 대덕인재개발원', null);
INSERT INTO BOARD.MEMBER (ID, NAME, PASS, TEL, BIRTH, EMAIL, ZIPCODE, ADDR1, ADDR2, PROFILE) VALUES ('xxxx99', 'xxxx', '94d791f042c409c0cb2db18bb04c976e405700782417ab966b64f3e942dba48f', '123123123', TO_DATE('2018-10-10 16:13:40', 'YYYY-MM-DD HH24:MI:SS'), 'xxxx@gmail.com', '34940', '대전시 중구 대흥동 76', '2층 대덕인재개발원', null);
INSERT INTO BOARD.MEMBER (ID, NAME, PASS, TEL, BIRTH, EMAIL, ZIPCODE, ADDR1, ADDR2, PROFILE) VALUES ('1', '구인수', '6b86b273ff34fce19d6b804eff5a3f5747ada4eaa22f1d49c01e52ddb7875b4b', '010-9947-0728', TO_DATE('1986-08-22 00:00:00', 'YYYY-MM-DD HH24:MI:SS'), 'kkuinsoo@gmail.com', '35398', '대전광역시 서구 구봉로 419', '101동 509호', '/user/profile/moon.png');
CREATE TABLE BOARD.POST
(
    NO VARCHAR2(50) PRIMARY KEY NOT NULL,
    TITLE VARCHAR2(90) NOT NULL,
    CONTENT CLOB,
    RDATE DATE,
    WRITER VARCHAR2(14),
    BOARDNO VARCHAR2(50),
    RECURSION VARCHAR2(50),
    GROUPNO VARCHAR2(50),
    CONSTRAINT FK_MEMBER_TO_POST FOREIGN KEY (WRITER) REFERENCES BOARD.MEMBER (ID),
    CONSTRAINT FK_BOARD_TO_POST FOREIGN KEY (BOARDNO) REFERENCES BOARD.BOARD (NO) ON DELETE CASCADE,
    CONSTRAINT FK_POST_TO_POST FOREIGN KEY (RECURSION) REFERENCES BOARD.POST (NO)
);
COMMENT ON COLUMN BOARD.POST.NO IS '게시글번호';
COMMENT ON COLUMN BOARD.POST.TITLE IS '제목';
COMMENT ON COLUMN BOARD.POST.CONTENT IS '내용';
COMMENT ON COLUMN BOARD.POST.RDATE IS '작성일시';
COMMENT ON COLUMN BOARD.POST.WRITER IS '작성자 ID';
COMMENT ON COLUMN BOARD.POST.BOARDNO IS '게시판번호';
COMMENT ON COLUMN BOARD.POST.RECURSION IS '부모게시글번호';
INSERT INTO BOARD.POST (NO, TITLE, CONTENT, RDATE, WRITER, BOARDNO, RECURSION, GROUPNO) VALUES ('33', 'test122', '<p> test</p>', TO_DATE('2018-10-22 00:00:00', 'YYYY-MM-DD HH24:MI:SS'), '1', 'BD1', null, '33');
INSERT INTO BOARD.POST (NO, TITLE, CONTENT, RDATE, WRITER, BOARDNO, RECURSION, GROUPNO) VALUES ('34', 'íì¤í¸ë¥¼ ìí ê¸ ìëë¤.', '<p>ë§ìê»í´ì£¼ì¸ì</p>', TO_DATE('2018-10-22 00:00:00', 'YYYY-MM-DD HH24:MI:SS'), '1', 'BD1', null, '34');
INSERT INTO BOARD.POST (NO, TITLE, CONTENT, RDATE, WRITER, BOARDNO, RECURSION, GROUPNO) VALUES ('35', '테스트 중입니다.', '<p>한글이 깨지네?!</p>', TO_DATE('2018-10-22 00:00:00', 'YYYY-MM-DD HH24:MI:SS'), '1', 'BD1', null, '35');
INSERT INTO BOARD.POST (NO, TITLE, CONTENT, RDATE, WRITER, BOARDNO, RECURSION, GROUPNO) VALUES ('36', '화면 넘어가 라', '<p>123</p>', TO_DATE('2018-10-22 00:00:00', 'YYYY-MM-DD HH24:MI:SS'), '1', 'BD1', null, '36');
INSERT INTO BOARD.POST (NO, TITLE, CONTENT, RDATE, WRITER, BOARDNO, RECURSION, GROUPNO) VALUES ('37', '첨부파일 도전', '<p>111</p>', TO_DATE('2018-10-22 00:00:00', 'YYYY-MM-DD HH24:MI:SS'), '1', 'BD1', null, '37');
INSERT INTO BOARD.POST (NO, TITLE, CONTENT, RDATE, WRITER, BOARDNO, RECURSION, GROUPNO) VALUES ('38', '맨날 터져!', '<p>ㄴㅇㄹ</p>', TO_DATE('2018-10-22 00:00:00', 'YYYY-MM-DD HH24:MI:SS'), '1', 'BD1', null, '38');
INSERT INTO BOARD.POST (NO, TITLE, CONTENT, RDATE, WRITER, BOARDNO, RECURSION, GROUPNO) VALUES ('11', '제목은 지금 달려갑니다.', '이렇게 우리는 만났습니다.', TO_DATE('2018-10-18 00:00:00', 'YYYY-MM-DD HH24:MI:SS'), 'sally', 'BD1', null, '1');
INSERT INTO BOARD.POST (NO, TITLE, CONTENT, RDATE, WRITER, BOARDNO, RECURSION, GROUPNO) VALUES ('12', '제목은 지금 달려갑니다.', '이렇게 우리는 만났습니다.', TO_DATE('2018-10-18 00:00:00', 'YYYY-MM-DD HH24:MI:SS'), 'sally', 'BD1', null, '2');
INSERT INTO BOARD.POST (NO, TITLE, CONTENT, RDATE, WRITER, BOARDNO, RECURSION, GROUPNO) VALUES ('39', '페이징 테스트', '<p>ㄴㅇㄹㅇㄹㄴㅇ</p>', TO_DATE('2018-10-22 00:00:00', 'YYYY-MM-DD HH24:MI:SS'), '1', 'BD1', null, '39');
INSERT INTO BOARD.POST (NO, TITLE, CONTENT, RDATE, WRITER, BOARDNO, RECURSION, GROUPNO) VALUES ('13', '제목은 지금 달려갑니다.', '이렇게 우리는 만났습니다.', TO_DATE('2018-10-18 00:00:00', 'YYYY-MM-DD HH24:MI:SS'), 'sally', 'BD1', null, '3');
INSERT INTO BOARD.POST (NO, TITLE, CONTENT, RDATE, WRITER, BOARDNO, RECURSION, GROUPNO) VALUES ('15', '지금 달려갑니다.', '이렇게 우리는 만났습니다.', TO_DATE('2018-10-18 00:00:00', 'YYYY-MM-DD HH24:MI:SS'), 'james', 'BD1', '11', null);
INSERT INTO BOARD.POST (NO, TITLE, CONTENT, RDATE, WRITER, BOARDNO, RECURSION, GROUPNO) VALUES ('16', '지금 달려갑니다.', '이렇게 우리는 만났습니다.', TO_DATE('2018-10-18 00:00:00', 'YYYY-MM-DD HH24:MI:SS'), 'moon', 'BD1', '12', null);
INSERT INTO BOARD.POST (NO, TITLE, CONTENT, RDATE, WRITER, BOARDNO, RECURSION, GROUPNO) VALUES ('17', '지금 달려갑니다.', '이렇게 우리는 만났습니다.', TO_DATE('2018-10-18 00:00:00', 'YYYY-MM-DD HH24:MI:SS'), 'moon', 'BD1', '13', null);
INSERT INTO BOARD.POST (NO, TITLE, CONTENT, RDATE, WRITER, BOARDNO, RECURSION, GROUPNO) VALUES ('40', 'ㄴㄹㄴ', '<p>ㅇㄹㅇㄹㅇㄹ</p>', TO_DATE('2018-10-22 00:00:00', 'YYYY-MM-DD HH24:MI:SS'), '1', 'BD1', null, '40');
INSERT INTO BOARD.POST (NO, TITLE, CONTENT, RDATE, WRITER, BOARDNO, RECURSION, GROUPNO) VALUES ('41', '1', '<p>1</p>', TO_DATE('2018-10-22 00:00:00', 'YYYY-MM-DD HH24:MI:SS'), '1', 'BD1', null, '41');
INSERT INTO BOARD.POST (NO, TITLE, CONTENT, RDATE, WRITER, BOARDNO, RECURSION, GROUPNO) VALUES ('43', '1', '<p>ㄴㅇㄹㅇㄴㄹ</p>', TO_DATE('2018-10-22 00:00:00', 'YYYY-MM-DD HH24:MI:SS'), '1', 'BD1', null, '43');
INSERT INTO BOARD.POST (NO, TITLE, CONTENT, RDATE, WRITER, BOARDNO, RECURSION, GROUPNO) VALUES ('44', 'ㄴㅇㄹ', '<p>ㅇㄹㅇ</p>', TO_DATE('2018-10-22 00:00:00', 'YYYY-MM-DD HH24:MI:SS'), '1', 'BD1', null, '44');
INSERT INTO BOARD.POST (NO, TITLE, CONTENT, RDATE, WRITER, BOARDNO, RECURSION, GROUPNO) VALUES ('45', 'ㅇㅇㅇㅇㅇㅇㅇㅇㅇㅇ', '<p>ㅇㅇㅇㅇㅇㅇㅇㅇㅇㅇㅇㅇㅇㅇㅇㅇㅇㅇ</p>', TO_DATE('2018-10-22 00:00:00', 'YYYY-MM-DD HH24:MI:SS'), '1', 'BD1', null, '45');
INSERT INTO BOARD.POST (NO, TITLE, CONTENT, RDATE, WRITER, BOARDNO, RECURSION, GROUPNO) VALUES ('46', 'ㅇㄹㅇㄹ', '<p>ㅇㄴㄹㄴㅇㄹ</p>', TO_DATE('2018-10-22 00:00:00', 'YYYY-MM-DD HH24:MI:SS'), '1', 'BD1', null, '46');
INSERT INTO BOARD.POST (NO, TITLE, CONTENT, RDATE, WRITER, BOARDNO, RECURSION, GROUPNO) VALUES ('47', '파일전송 테스트', '<p>ㄴㅇㄹㄴㅇㄹ</p>', TO_DATE('2018-10-22 00:00:00', 'YYYY-MM-DD HH24:MI:SS'), '1', 'BD1', null, '47');
INSERT INTO BOARD.POST (NO, TITLE, CONTENT, RDATE, WRITER, BOARDNO, RECURSION, GROUPNO) VALUES ('48', '되징', '<p>ㄷㄹㅇㄴㄹ</p>', TO_DATE('2018-10-22 00:00:00', 'YYYY-MM-DD HH24:MI:SS'), '1', 'BD1', null, '48');
INSERT INTO BOARD.POST (NO, TITLE, CONTENT, RDATE, WRITER, BOARDNO, RECURSION, GROUPNO) VALUES ('18', '지금 달려갑니다.', '이렇게 우리는 만났습니다.', TO_DATE('2018-10-18 00:00:00', 'YYYY-MM-DD HH24:MI:SS'), 'cony', 'BD1', '11', null);
INSERT INTO BOARD.POST (NO, TITLE, CONTENT, RDATE, WRITER, BOARDNO, RECURSION, GROUPNO) VALUES ('19', '지금 달려갑니다.', '이렇게 우리는 만났습니다.', TO_DATE('2018-10-18 00:00:00', 'YYYY-MM-DD HH24:MI:SS'), 'xxxx1', 'BD1', '13', null);
INSERT INTO BOARD.POST (NO, TITLE, CONTENT, RDATE, WRITER, BOARDNO, RECURSION, GROUPNO) VALUES ('20', '지금 달려갑니다.', '이렇게 우리는 만났습니다.', TO_DATE('2018-10-18 00:00:00', 'YYYY-MM-DD HH24:MI:SS'), 'xxxx2', 'BD1', '11', null);
INSERT INTO BOARD.POST (NO, TITLE, CONTENT, RDATE, WRITER, BOARDNO, RECURSION, GROUPNO) VALUES ('21', '지금 달려갑니다.', '이렇게 우리는 만났습니다.', TO_DATE('2018-10-18 00:00:00', 'YYYY-MM-DD HH24:MI:SS'), 'brown', 'BD1', '12', null);
INSERT INTO BOARD.POST (NO, TITLE, CONTENT, RDATE, WRITER, BOARDNO, RECURSION, GROUPNO) VALUES ('22', '지금 달려갑니다.', '이렇게 우리는 만났습니다.', TO_DATE('2018-10-18 00:00:00', 'YYYY-MM-DD HH24:MI:SS'), 'brown', 'BD1', '20', null);
INSERT INTO BOARD.POST (NO, TITLE, CONTENT, RDATE, WRITER, BOARDNO, RECURSION, GROUPNO) VALUES ('23', '지금 달려갑니다.', '이렇게 우리는 만났습니다.', TO_DATE('2018-10-18 00:00:00', 'YYYY-MM-DD HH24:MI:SS'), 'brown', 'BD1', '19', null);
INSERT INTO BOARD.POST (NO, TITLE, CONTENT, RDATE, WRITER, BOARDNO, RECURSION, GROUPNO) VALUES ('24', '지금 달려갑니다.', '이렇게 우리는 만났습니다.', TO_DATE('2018-10-18 00:00:00', 'YYYY-MM-DD HH24:MI:SS'), 'brown', 'BD1', '19', null);
INSERT INTO BOARD.POST (NO, TITLE, CONTENT, RDATE, WRITER, BOARDNO, RECURSION, GROUPNO) VALUES ('31', 'test1', '<p> test</p>', TO_DATE('2018-10-22 00:00:00', 'YYYY-MM-DD HH24:MI:SS'), '1', 'BD1', null, '15');
INSERT INTO BOARD.POST (NO, TITLE, CONTENT, RDATE, WRITER, BOARDNO, RECURSION, GROUPNO) VALUES ('32', 'test122', '<p> test</p>', TO_DATE('2018-10-22 00:00:00', 'YYYY-MM-DD HH24:MI:SS'), '1', 'BD1', null, '32');
INSERT INTO BOARD.POST (NO, TITLE, CONTENT, RDATE, WRITER, BOARDNO, RECURSION, GROUPNO) VALUES ('49', '화면 변경', '<p>ㄴㅇㄹㄴㅇㄹ</p>', TO_DATE('2018-10-22 00:00:00', 'YYYY-MM-DD HH24:MI:SS'), '1', 'BD1', null, '49');
INSERT INTO BOARD.POST (NO, TITLE, CONTENT, RDATE, WRITER, BOARDNO, RECURSION, GROUPNO) VALUES ('50', '화면아 오라', '<p>ㅇㄹㅇㄹ</p>', TO_DATE('2018-10-22 00:00:00', 'YYYY-MM-DD HH24:MI:SS'), '1', 'BD1', null, '50');
INSERT INTO BOARD.POST (NO, TITLE, CONTENT, RDATE, WRITER, BOARDNO, RECURSION, GROUPNO) VALUES ('51', '메인으로 가자', '<p>ㅇㄹㅇㄹ</p>', TO_DATE('2018-10-22 00:00:00', 'YYYY-MM-DD HH24:MI:SS'), '1', 'BD1', null, '51');
INSERT INTO BOARD.POST (NO, TITLE, CONTENT, RDATE, WRITER, BOARDNO, RECURSION, GROUPNO) VALUES ('52', '그림 넣어 볼까?', '<p><img src="/upload/67020659-2e03-46d8-ab5f-19e3f1ade90f.png&#10;" title="20180703_214624.png"><br style="clear:both;">&nbsp;</p>', TO_DATE('2018-10-22 00:00:00', 'YYYY-MM-DD HH24:MI:SS'), '1', 'BD1', null, '52');
INSERT INTO BOARD.POST (NO, TITLE, CONTENT, RDATE, WRITER, BOARDNO, RECURSION, GROUPNO) VALUES ('53', '첨부해줭', '<p>ㅇㄹㅇ</p>', TO_DATE('2018-10-22 00:00:00', 'YYYY-MM-DD HH24:MI:SS'), '1', 'BD1', null, '53');
INSERT INTO BOARD.POST (NO, TITLE, CONTENT, RDATE, WRITER, BOARDNO, RECURSION, GROUPNO) VALUES ('54', '첨부하자', '<p>가자!</p>', TO_DATE('2018-10-22 00:00:00', 'YYYY-MM-DD HH24:MI:SS'), '1', 'BD1', null, '54');
INSERT INTO BOARD.POST (NO, TITLE, CONTENT, RDATE, WRITER, BOARDNO, RECURSION, GROUPNO) VALUES ('55', 'sdf', '<p>sdfd</p>', TO_DATE('2018-10-22 00:00:00', 'YYYY-MM-DD HH24:MI:SS'), '1', 'BD1', null, '55');
INSERT INTO BOARD.POST (NO, TITLE, CONTENT, RDATE, WRITER, BOARDNO, RECURSION, GROUPNO) VALUES ('56', 'ㄴㅇㄹ', '<p>ㅇㄹㅇㄹ</p>', TO_DATE('2018-10-22 00:00:00', 'YYYY-MM-DD HH24:MI:SS'), '1', 'BD1', null, '56');
INSERT INTO BOARD.POST (NO, TITLE, CONTENT, RDATE, WRITER, BOARDNO, RECURSION, GROUPNO) VALUES ('57', 'ㄴㅇㄹㄴㅇ', '<p>ㄹㅇㄹㅇ</p>', TO_DATE('2018-10-22 00:00:00', 'YYYY-MM-DD HH24:MI:SS'), '1', 'BD1', null, '57');
INSERT INTO BOARD.POST (NO, TITLE, CONTENT, RDATE, WRITER, BOARDNO, RECURSION, GROUPNO) VALUES ('58', 'ㄴㅇㄹ', '<p>ㅇㄹ</p>', TO_DATE('2018-10-22 00:00:00', 'YYYY-MM-DD HH24:MI:SS'), '1', 'BD1', null, '58');
INSERT INTO BOARD.POST (NO, TITLE, CONTENT, RDATE, WRITER, BOARDNO, RECURSION, GROUPNO) VALUES ('59', 'ㄴㅇㄹ', '<p>ㅇㄴㄹ</p>', TO_DATE('2018-10-22 00:00:00', 'YYYY-MM-DD HH24:MI:SS'), '1', 'BD1', null, '59');
INSERT INTO BOARD.POST (NO, TITLE, CONTENT, RDATE, WRITER, BOARDNO, RECURSION, GROUPNO) VALUES ('60', 'ㄴㅇㄹ', '<p>ㅇㄹ</p>', TO_DATE('2018-10-22 00:00:00', 'YYYY-MM-DD HH24:MI:SS'), '1', 'BD1', null, '60');
INSERT INTO BOARD.POST (NO, TITLE, CONTENT, RDATE, WRITER, BOARDNO, RECURSION, GROUPNO) VALUES ('61', 'ㄴㅇㄹ', '<p>ㄴㅇㄹ</p>', TO_DATE('2018-10-22 00:00:00', 'YYYY-MM-DD HH24:MI:SS'), '1', 'BD1', null, '61');
INSERT INTO BOARD.POST (NO, TITLE, CONTENT, RDATE, WRITER, BOARDNO, RECURSION, GROUPNO) VALUES ('62', 'ㅅㄷㅅ', '<p>ㄴㅇㄹㄴㅇㄹ</p>', TO_DATE('2018-10-22 00:00:00', 'YYYY-MM-DD HH24:MI:SS'), '1', 'BD1', null, '62');